<?xml version="1.0" encoding="UTF-8"?>
<project-private xmlns="http://www.netbeans.org/ns/project-private/1">
    <editor-bookmarks xmlns="http://www.netbeans.org/ns/editor-bookmarks/2" lastBookmarkId="0"/>
    <open-files xmlns="http://www.netbeans.org/ns/projectui-open-files/2">
        <group>
            <file>file:/Users/vincentdu/Desktop/Development%20Work/csu_classes/6119/DecoratorPatterAssignment3/src/decoratorpatternassignment3/StudyRoom.java</file>
            <file>file:/Users/vincentdu/Desktop/Development%20Work/csu_classes/6119/DecoratorPatterAssignment3/src/decoratorpatternassignment3/LivingRoom.java</file>
            <file>file:/Users/vincentdu/Desktop/Development%20Work/csu_classes/6119/DecoratorPatterAssignment3/src/decoratorpatternassignment3/WalkInCloset.java</file>
            <file>file:/Users/vincentdu/Desktop/Development%20Work/csu_classes/6119/DecoratorPatterAssignment3/src/decoratorpatternassignment3/Kitchen.java</file>
            <file>file:/Users/vincentdu/Desktop/Development%20Work/csu_classes/6119/DecoratorPatterAssignment3/src/decoratorpatternassignment3/DecoratorPatternAssignment3.java</file>
            <file>file:/Users/vincentdu/Desktop/Development%20Work/csu_classes/6119/DecoratorPatterAssignment3/src/decoratorpatternassignment3/Bathroom.java</file>
            <file>file:/Users/vincentdu/Desktop/Development%20Work/csu_classes/6119/DecoratorPatterAssignment3/src/decoratorpatternassignment3/MyHome.java</file>
            <file>file:/Users/vincentdu/Desktop/Development%20Work/csu_classes/6119/DecoratorPatterAssignment3/src/decoratorpatternassignment3/BasicHome.java</file>
            <file>file:/Users/vincentdu/Desktop/Development%20Work/csu_classes/6119/DecoratorPatterAssignment3/src/decoratorpatternassignment3/RoomDecorator.java</file>
            <file>file:/Users/vincentdu/Desktop/Development%20Work/csu_classes/6119/DecoratorPatterAssignment3/src/decoratorpatternassignment3/Bedroom.java</file>
        </group>
    </open-files>
</project-private>
