<?xml version="1.0" encoding="UTF-8"?>
<project-private xmlns="http://www.netbeans.org/ns/project-private/1">
    <editor-bookmarks xmlns="http://www.netbeans.org/ns/editor-bookmarks/2" lastBookmarkId="0"/>
    <open-files xmlns="http://www.netbeans.org/ns/projectui-open-files/2">
        <group>
            <file>file:/Users/vincentdu/Desktop/Development%20Work/csu_classes/6119/6109_Project/src/pkg6109_project/input1.txt</file>
            <file>file:/Users/vincentdu/Desktop/Development%20Work/csu_classes/6119/6109_Project/src/pkg6109_project/Main.java</file>
            <file>file:/Users/vincentdu/Desktop/Development%20Work/csu_classes/6119/6109_Project/src/pkg6109_project/input2.txt</file>
            <file>file:/Users/vincentdu/Desktop/Development%20Work/csu_classes/6119/6109_Project/src/pkg6109_project/input3.txt</file>
        </group>
    </open-files>
</project-private>
