<?xml version="1.0" encoding="UTF-8"?>
<project-private xmlns="http://www.netbeans.org/ns/project-private/1">
    <editor-bookmarks xmlns="http://www.netbeans.org/ns/editor-bookmarks/2" lastBookmarkId="0"/>
    <open-files xmlns="http://www.netbeans.org/ns/projectui-open-files/2">
        <group>
            <file>file:/Users/vincentdu/Desktop/Development%20Work/csu_classes/6119/Spring2017.strategy/src/Spring2017/strategy/GameCharacter.java</file>
            <file>file:/Users/vincentdu/Desktop/Development%20Work/csu_classes/6119/Spring2017.strategy/src/Spring2017/strategy/SoloMoveAround.java</file>
            <file>file:/Users/vincentdu/Desktop/Development%20Work/csu_classes/6119/Spring2017.strategy/src/Spring2017/strategy/GuitarHeroXXI.java</file>
            <file>file:/Users/vincentdu/Desktop/Development%20Work/csu_classes/6119/Spring2017.strategy/src/Spring2017/strategy/GuitarBehavior.java</file>
            <file>file:/Users/vincentdu/Desktop/Development%20Work/csu_classes/6119/Spring2017.strategy/src/Spring2017/strategy/SoloLaughAndStopPlaying.java</file>
            <file>file:/Users/vincentdu/Desktop/Development%20Work/csu_classes/6119/Spring2017.strategy/src/Spring2017/strategy/GameCharacterBrianMay.java</file>
            <file>file:/Users/vincentdu/Desktop/Development%20Work/csu_classes/6119/Spring2017.strategy/src/Spring2017/strategy/GameCharacterJimiHendrix.java</file>
            <file>file:/Users/vincentdu/Desktop/Development%20Work/csu_classes/6119/Spring2017.strategy/src/Spring2017/strategy/GameCharacterNirvana.java</file>
            <file>file:/Users/vincentdu/Desktop/Development%20Work/csu_classes/6119/Spring2017.strategy/src/Spring2017/strategy/SoloBehavior.java</file>
            <file>file:/Users/vincentdu/Desktop/Development%20Work/csu_classes/6119/Spring2017.strategy/src/Spring2017/strategy/GuitarBMGSpecial.java</file>
            <file>file:/Users/vincentdu/Desktop/Development%20Work/csu_classes/6119/Spring2017.strategy/src/Spring2017/strategy/GuitarFenderJaguar.java</file>
            <file>file:/Users/vincentdu/Desktop/Development%20Work/csu_classes/6119/Spring2017.strategy/src/Spring2017/strategy/GuitarGibsonFlyingV.java</file>
            <file>file:/Users/vincentdu/Desktop/Development%20Work/csu_classes/6119/Spring2017.strategy/src/Spring2017/strategy/SoloBreakAndKick.java</file>
        </group>
    </open-files>
</project-private>
